post_idx,latitude_post,longitude_post,district_idx,district,latitude_dsct,longitude_dsct,metro_idx,metro,latitude_mtr,longitude_mtr
108805,54.566741,38.627764,75,Некрасовка,55.683793,37.928704,113,Некрасовка,55.702967,37.92803
108817,55.636646,37.25963,17,Внуковское,55.6335,37.290298,158,Рассказовка,55.633968,37.334747
108811,55.602988,37.347485,70,Московский,55.591116,37.371533,158,Рассказовка,55.633968,37.334747
108809,55.593064,37.20521,58,Марушкинское,55.59516,37.208273,158,Рассказовка,55.633968,37.334747
108829,55.32563100000001,37.348886,39,Кленовское,55.314208,37.326743,69,Коммунарка,55.560071,37.46865
108833,55.411665,37.185564,66,Михайлово-Ярцевское,55.397577,37.139696,158,Рассказовка,55.633968,37.334747
124460,55.991893000000005,37.214382,111,Старое Крюково,55.980895,37.199056,156,Пятницкое шоссе,55.855967,37.354132
143380,55.423958999999996,36.819859,66,Михайлово-Ярцевское,55.397577,37.139696,158,Рассказовка,55.633968,37.334747
108825,55.422074,37.397719,132,Щаповское,55.391631,37.380848,69,Коммунарка,55.560071,37.46865
108824,55.484733999999996,37.502947,95,Рязановское,55.482373,37.495707,31,Бунинская аллея,55.537964,37.515919
143330,55.344659,36.183753,66,Михайлово-Ярцевское,55.397577,37.139696,158,Рассказовка,55.633968,37.334747
108810,55.595913,37.108928000000006,40,Кокошкино,55.600165,37.169843,158,Рассказовка,55.633968,37.334747
108822,55.449342,37.521066,95,Рязановское,55.482373,37.495707,31,Бунинская аллея,55.537964,37.515919
143315,55.369439,36.79971,66,Михайлово-Ярцевское,55.397577,37.139696,158,Рассказовка,55.633968,37.334747
108830,55.315965000000006,37.177901,66,Михайлово-Ярцевское,55.397577,37.139696,158,Рассказовка,55.633968,37.334747
108808,55.53425,37.16068,86,Первомайское,55.519723,37.218334,158,Рассказовка,55.633968,37.334747
108827,55.37354200000001,37.379618,132,Щаповское,55.391631,37.380848,69,Коммунарка,55.560071,37.46865
108803,55.532365000000006,37.442347,19,Воскресенское,55.527326,37.4432,69,Коммунарка,55.560071,37.46865
108835,52.725086,17.656098999999998,66,Михайлово-Ярцевское,55.397577,37.139696,158,Рассказовка,55.633968,37.334747
121500,55.785103,37.357618,112,Строгино,55.803783,37.402695,109,Мякинино,55.82489,37.385331
143396,55.576905000000004,37.030874,40,Кокошкино,55.600165,37.169843,158,Рассказовка,55.633968,37.334747
108821,55.575219999999995,37.344332,122,Филимонковское,55.570014,37.322368,158,Рассказовка,55.633968,37.334747
117623,55.540012,37.573708,100,Северное Бутово,55.568914,37.570519,206,Улица Скобелевская,55.548044,37.554636
108828,55.430942,37.276213,45,Краснопахорское,55.421496,37.270661,158,Рассказовка,55.633968,37.334747
108818,55.511683999999995,37.345958,28,Десеновское,55.499571,37.36661,209,Филатов луг,55.601177,37.407995
108807,55.52171,37.220957,86,Первомайское,55.519723,37.218334,158,Рассказовка,55.633968,37.334747
105173,55.817163,37.865435999999995,22,Восточный,55.818983,37.866235,230,Щёлковская,55.809712,37.798583
108852,55.512494999999994,37.531864,135,Южное Бутово,55.542396,37.531523,203,Улица Горчакова,55.541932,37.531514
108814,55.568796999999996,37.478342,110,Сосенское,55.57833,37.465892,69,Коммунарка,55.560071,37.46865
123308,55.775626,37.497099,125,Хорошево-Мневники,55.777707,37.492078,215,Хорошёво,55.776917,37.507493
108816,55.657306000000005,37.334343,77,Ново-Переделкино,55.646081,37.357169,158,Рассказовка,55.633968,37.334747
108823,55.474163,37.544396,133,Щербинка,55.507525,37.567653,203,Улица Горчакова,55.541932,37.531514
108800,55.431585999999996,36.867057,66,Михайлово-Ярцевское,55.397577,37.139696,158,Рассказовка,55.633968,37.334747
108832,55.323294999999995,37.266232,39,Кленовское,55.314208,37.326743,69,Коммунарка,55.560071,37.46865
142718,55.562775,37.644648,11,Бирюлево Западное,55.58786,37.639644,8,Аннино,55.5832,37.59674
115598,55.579561,37.682269,10,Бирюлево Восточное,55.594585,37.678649,128,Орехово,55.612884,37.695331
121353,55.714962,37.400935,67,Можайский,55.717634,37.422755,108,Молодёжная,55.740867,37.416619
108806,55.477852,36.917875,66,Михайлово-Ярцевское,55.397577,37.139696,158,Рассказовка,55.633968,37.334747
111123,55.762075,37.77935,87,Перово,55.751994,37.767456,137,Перово,55.75132,37.786887
108819,55.600384,37.333318,122,Филимонковское,55.570014,37.322368,158,Рассказовка,55.633968,37.334747
108804,55.601411,37.166546000000004,40,Кокошкино,55.600165,37.169843,158,Рассказовка,55.633968,37.334747
143320,55.446830000000006,36.603598999999996,66,Михайлово-Ярцевское,55.397577,37.139696,158,Рассказовка,55.633968,37.334747
108815,55.549195,37.325827000000004,122,Филимонковское,55.570014,37.322368,158,Рассказовка,55.633968,37.334747
124365,55.991893000000005,37.214382,111,Старое Крюково,55.980895,37.199056,156,Пятницкое шоссе,55.855967,37.354132
127253,55.901807999999996,37.552274,54,Лианозово,55.898487,37.570007,6,Алтуфьево,55.8982,37.587362
142704,55.55686899999999,37.708778,10,Бирюлево Восточное,55.594585,37.678649,52,Домодедовская,55.610814,37.718552
143026,55.723055,37.364715000000004,104,Северный,55.702896,37.37385,108,Молодёжная,55.740867,37.416619
119501,55.708638,37.479385,121,Фили-Давыдково,55.727136,37.469359,107,Мичуринский проспект,55.689456,37.482969
119618,55.65869300000001,37.409594,109,Солнцево,55.645918,37.40168,47,Говорово,55.659551,37.417266
142002,55.436907999999995,37.730742,10,Бирюлево Восточное,55.594585,37.678649,52,Домодедовская,55.610814,37.718552
142713,55.504307999999995,37.945555999999996,75,Некрасовка,55.683793,37.928704,74,Котельники,55.674133,37.858635
123423,55.777058999999994,37.480552,125,Хорошево-Мневники,55.777707,37.492078,126,Октябрьское поле,55.793581,37.493317
108851,55.507713,37.571471,133,Щербинка,55.507525,37.567653,206,Улица Скобелевская,55.548044,37.554636
111395,55.722761,37.803901,15,Вешняки,55.730771,37.815184,164,Рязанский проспект,55.717366,37.793606
111396,55.750130000000006,37.823242,78,Новогиреево,55.748154,37.804108,115,Новогиреево,55.75166,37.817169
119049,55.726532999999996,37.610574,139,Якиманка,55.730826,37.607565,125,Октябрьская,55.729275,37.611096
125315,55.807444999999994,37.521569,4,Аэропорт,55.800979,37.531765,174,Сокол,55.805042,37.514787
125284,55.779180000000004,37.556783,7,Беговой,55.782871,37.566297,49,Динамо,55.789704,37.558212
119180,55.741688,37.61697,139,Якиманка,55.730826,37.607565,147,Полянка,55.736807,37.618471
115035,55.745726,37.625702000000004,32,Замоскворечье,55.734157,37.63429,192,Третьяковская,55.741348,37.626412
115184,55.73998,37.633347,32,Замоскворечье,55.734157,37.63429,117,Новокузнецкая,55.742372,37.629232
119285,55.719825,37.522189000000004,93,Раменки,55.707152,37.51379,93,Ломоносовский проспект,55.70706,37.516063
125252,55.793212,37.50849,106,Сокол,55.805938,37.504376,57,Зорге,55.789153,37.504214
119048,55.723535999999996,37.561966999999996,123,Хамовники,55.729199,37.574525,179,Спортивная,55.723247,37.564105
125319,55.804182,37.535447999999995,4,Аэропорт,55.800979,37.531765,10,Аэропорт,55.800979,37.531765
125167,55.79851,37.537955,4,Аэропорт,55.800979,37.531765,10,Аэропорт,55.800979,37.531765
125040,55.783165000000004,37.569216,7,Беговой,55.782871,37.566297,49,Динамо,55.789704,37.558212
121552,55.742904,37.418524,50,Кунцево,55.74261,37.398482,108,Молодёжная,55.740867,37.416619
121170,55.73811,37.528855,31,Дорогомилово,55.739468,37.547656,87,Кутузовская,55.74033,37.534191
109012,56.29925600000001,38.237328999999995,22,Восточный,55.818983,37.866235,230,Щёлковская,55.809712,37.798583
111625,55.70245500000001,37.86036,43,Косино-Ухтомский,55.717061,37.86345,89,Лермонтовский проспект,55.701699,37.852374
125368,55.84835699999999,37.351195000000004,65,Митино,55.84537,37.365828,156,Пятницкое шоссе,55.855967,37.354132
111672,55.73905799999999,37.872676,79,Новокосино,55.740167,37.861725,116,Новокосино,55.745113,37.864052
111674,55.68311800000001,37.926521,75,Некрасовка,55.683793,37.928704,113,Некрасовка,55.702967,37.92803
125009,55.770127,37.606918,114,Тверской,55.770127,37.606918,222,Чеховская,55.765843,37.608167
119296,55.69246999999999,37.551726,24,Гагаринский,55.698041,37.558535,208,Университет,55.692612,37.533517
123458,55.798944999999996,37.403898999999996,112,Строгино,55.803783,37.402695,182,Строгино,55.803691,37.403118
111402,55.740314,37.826943,15,Вешняки,55.730771,37.815184,115,Новогиреево,55.75166,37.817169
109147,55.734871,37.668156,113,Таганский,55.74001,37.666971,151,Пролетарская,55.731673,37.666162
127572,55.903881999999996,37.585871000000004,54,Лианозово,55.898487,37.570007,6,Алтуфьево,55.8982,37.587362
119435,55.729873,37.557520000000004,31,Дорогомилово,55.739468,37.547656,179,Спортивная,55.723247,37.564105
125493,55.848133999999995,37.489787,25,Головинский,55.846765,37.510601,38,Водный стадион,55.839881,37.486769
111024,55.750986,37.717133000000004,53,Лефортово,55.753635,37.704817,0,Авиамоторная,55.751432,37.716612
123182,55.807602,37.464994,134,Щукино,55.80059,37.473519,229,Щукинская,55.808827,37.463772
115280,55.708369,37.662021,138,Южнопортовый,55.713086,37.670474,1,Автозаводская,55.707182,37.657646
125438,55.844465,37.522162,25,Головинский,55.846765,37.510601,72,Коптево,55.840452,37.521417
123001,55.762986,37.588476,3,Арбат,55.751138,37.590003,14,Баррикадная,55.760818,37.58128
108820,55.619564000000004,37.472503,71,Мосрентген,55.621074,37.473797,193,Тропарёво,55.64574,37.472378
125212,55.83836899999999,37.483104,18,Войковский,55.827247,37.497342,38,Водный стадион,55.839881,37.486769
117042,55.548049,37.545339,135,Южное Бутово,55.542396,37.531523,28,Бульвар Адмирала Ушакова,55.545319,37.542833
117593,55.612069999999996,37.553729,141,Ясенево,55.607514,37.534577,121,Новоясеневская,55.601717,37.553828
123098,55.801663,37.468326,134,Щукино,55.80059,37.473519,229,Щукинская,55.808827,37.463772
117437,55.64354599999999,37.511068,80,Обручевский,55.660917,37.518479,71,Коньково,55.63315,37.519009
117513,55.642168999999996,37.477552,116,Теплый Стан,55.631427,37.489877,193,Тропарёво,55.64574,37.472378
117133,55.629562,37.486607,116,Теплый Стан,55.631427,37.489877,193,Тропарёво,55.64574,37.472378
117556,55.659971999999996,37.616665000000005,74,Нагорный,55.664659,37.61547,34,Варшавская,55.653294,37.619522
117216,55.566318,37.571956,100,Северное Бутово,55.568914,37.570519,29,Бульвар Дмитрия Донского,55.569667,37.577346
119334,55.706168000000005,37.578801,0,Академический,55.688005,37.572684,88,Ленинский проспект,55.707202,37.585583
117647,55.626146999999996,37.525675,41,Коньково,55.643414,37.530588,71,Коньково,55.63315,37.519009
117420,55.662744999999994,37.554448,128,Черемушки,55.664649,37.561347,122,Новые Черёмушки,55.670077,37.554493
127276,55.833358999999994,37.593345,59,Марфино,55.830002,37.588745,205,Улица Милашенкова,55.821876,37.591207
127495,55.91276800000001,37.547953,54,Лианозово,55.898487,37.570007,6,Алтуфьево,55.8982,37.587362
129626,55.755814,37.617635,114,Тверской,55.770127,37.606918,130,Охотный ряд,55.756964,37.615524
115419,55.71233,37.60717,30,Донской,55.697798,37.61839,225,Шаболовская,55.718816,37.607924
117393,55.668498,37.544108,55,Ломоносовский,55.678778,37.533239,122,Новые Черёмушки,55.670077,37.554493
107078,55.769935,37.658660999999995,46,Красносельский,55.778041,37.654574,70,Комсомольская,55.775707,37.6547
119333,55.696575,37.561544,24,Гагаринский,55.698041,37.558535,43,Воробьёвы горы,55.710433,37.559326
119234,55.706092000000005,37.536446000000005,93,Раменки,55.707152,37.51379,208,Университет,55.692612,37.533517
117630,55.66271,37.534029,80,Обручевский,55.660917,37.518479,61,Калужская,55.656682,37.540075
117534,55.59611700000001,37.593146999999995,131,Чертаново Южное,55.591889,37.600361,202,Улица Академика Янгеля,55.595293,37.600864
127550,55.820966000000006,37.572719,117,Тимирязевский,55.825527,37.557071,190,Тимирязевская,55.818695,37.575271
119019,55.75322,37.599489,3,Арбат,55.751138,37.590003,9,Арбатская,55.75207,37.601358
105066,55.773763,37.675002,6,Басманный,55.766567,37.671229,15,Бауманская,55.772406,37.679035
125047,55.771601000000004,37.593983,114,Тверской,55.770127,37.606918,101,Маяковская,55.76996,37.595914
129272,55.792265,37.625163,60,Марьина Роща,55.796931,37.614374,99,Марьина Роща,55.795069,37.616485
121374,55.72561999999999,37.437334,67,Можайский,55.717634,37.422755,85,Кунцевская,55.730603,37.445437
117624,55.54619,37.55778,100,Северное Бутово,55.568914,37.570519,206,Улица Скобелевская,55.548044,37.554636
125481,55.86052900000001,37.437271,103,Северное Тушино,55.861479,37.428118,142,Планерная,55.860923,37.4364
115408,55.640147,37.769746999999995,13,Братеево,55.633434,37.765058,5,Алма-Атинская,55.63282,37.765911
107258,55.816475,37.714545,12,Богородское,55.819241,37.703415,17,Белокаменная,55.829375,37.70231
107392,55.802199,37.724975,90,Преображенское,55.797296,37.722487,149,Преображенская площадь,55.796167,37.715022
121309,55.748523,37.500405,120,Филевский Парк,55.749805,37.494584,12,Багратионовская,55.743801,37.497863
111538,55.724038,37.827921999999994,15,Вешняки,55.730771,37.815184,46,Выхино,55.715601,37.81804
129343,55.849787,37.658464,99,Свиблово,55.851839,37.647711,167,Свиблово,55.855224,37.652238
105122,55.804272999999995,37.762209999999996,63,Метрогородок,55.823616,37.755832,92,Локомотив,55.80313,37.746058
107045,55.766866,37.633526,64,Мещанский,55.780066,37.628801,196,Тургеневская,55.765235,37.636751
123100,55.757176,37.550396,91,Пресненский,55.763432,37.562389,44,Выставочная,55.750074,37.541386
107564,55.816708,37.696507000000004,12,Богородское,55.819241,37.703415,17,Белокаменная,55.829375,37.70231
105120,55.746385,37.672621,113,Таганский,55.74001,37.666971,144,Площадь Ильича,55.747069,37.680949
109544,55.745169,37.681155,113,Таганский,55.74001,37.666971,161,Римская,55.746228,37.681236
111033,55.758832999999996,37.686931,6,Басманный,55.766567,37.671229,144,Площадь Ильича,55.747069,37.680949
127521,55.796825,37.612165000000005,60,Марьина Роща,55.796931,37.614374,99,Марьина Роща,55.795069,37.616485
111524,55.746897,37.758644,87,Перово,55.751994,37.767456,228,Шоссе Энтузиастов,55.758407,37.751538
105005,55.771591,37.678487,6,Басманный,55.766567,37.671229,15,Бауманская,55.772406,37.679035
109044,55.729482999999995,37.6706,113,Таганский,55.74001,37.666971,151,Пролетарская,55.731673,37.666162
129075,55.814046999999995,37.620905,83,Останкинский,55.81908,37.621705,201,Улица Академика Королёва,55.821821,37.627166
109004,55.743715,37.662641,113,Таганский,55.74001,37.666971,98,Марксистская,55.741303,37.655957
105064,55.763214000000005,37.656172999999995,46,Красносельский,55.778041,37.654574,86,Курская,55.758524,37.65876
109382,55.671656000000006,37.740399,57,Люблино,55.677717,37.748726,27,Братиславская,55.659404,37.750451
101000,55.763938,37.637281,64,Мещанский,55.780066,37.628801,196,Тургеневская,55.765235,37.636751
121357,55.719094999999996,37.459352,121,Фили-Давыдково,55.727136,37.469359,172,Славянский бульвар,55.729574,37.470572
109028,55.749476,37.645123999999996,32,Замоскворечье,55.734157,37.63429,186,Таганская,55.739544,37.652957
127206,55.810375,37.557906,117,Тимирязевский,55.825527,37.557071,138,Петровский парк,55.791845,37.557188
129090,55.774173,37.630212,64,Мещанский,55.780066,37.628801,184,Сухаревская,55.772492,37.632305
107076,55.804152,37.713054,90,Преображенское,55.797296,37.722487,149,Преображенская площадь,55.796167,37.715022
125363,55.84553199999999,37.440128,137,Южное Тушино,55.843434,37.431423,185,Сходненская,55.850515,37.439526
119027,55.611739,37.294089,16,Внуково,55.610845,37.296685,158,Рассказовка,55.633968,37.334747
107014,55.787128,37.686868,108,Сокольники,55.799947,37.677158,176,Сокольники,55.788991,37.67988
121087,55.745549,37.511832,120,Филевский Парк,55.749805,37.494584,210,Фили,55.74597,37.514949
115569,55.618871999999996,37.706272,81,Орехово-Борисово Северное,55.618278,37.704817,128,Орехово,55.612884,37.695331
129128,55.834376,37.662442999999996,94,Ростокино,55.83527,37.652948,162,Ростокино,55.839224,37.668399
107241,55.81161899999999,37.797703000000006,101,Северное Измайлово,55.806843,37.805221,230,Щёлковская,55.809712,37.798583
115516,55.627407,37.654825,127,Царицыно,55.627387,37.652768,62,Кантемировская,55.636107,37.656218
105082,55.774497,37.685241999999995,6,Басманный,55.766567,37.671229,15,Бауманская,55.772406,37.679035
129110,55.784,37.634218,64,Мещанский,55.780066,37.628801,153,Проспект Мира,55.781742,37.633023
107023,55.78789200000001,37.710602,90,Преображенское,55.797296,37.722487,231,Электрозаводская,55.782066,37.705284
105062,55.763938,37.637281,64,Мещанский,55.780066,37.628801,196,Тургеневская,55.765235,37.636751
121596,55.716803000000006,37.387710999999996,104,Северный,55.702896,37.37385,108,Молодёжная,55.740867,37.416619
123242,55.759223,37.580867,3,Арбат,55.751138,37.590003,14,Баррикадная,55.760818,37.58128
119034,55.742259999999995,37.595591,3,Арбат,55.751138,37.590003,134,Парк культуры,55.735302,37.592869
109202,55.736047,37.752526,96,Рязанский,55.724718,37.7676,7,Андроновка,55.746502,37.737021
109388,55.67958,37.726233,88,Печатники,55.685158,37.723807,140,Печатники,55.692972,37.728398
109235,55.655818000000004,37.707449,88,Печатники,55.685158,37.723807,100,Марьино,55.650028,37.743471
109383,55.673052,37.72175,88,Печатники,55.685158,37.723807,140,Печатники,55.692972,37.728398
127220,55.792873,37.576735,98,Савеловский,55.799694,37.570914,165,Савёловская,55.792807,37.586122
127410,55.882066,37.573501,2,Алтуфьевский,55.879849,37.582278,6,Алтуфьево,55.8982,37.587362
109316,55.728586,37.678981,113,Таганский,55.74001,37.666971,40,Волгоградский проспект,55.724976,37.687084
127543,55.896756,37.631972,9,Бибирево,55.894768,37.6077,102,Медведково,55.887473,37.661527
125367,55.816404000000006,37.459828,89,Покровское-Стрешнево,55.823823,37.445779,229,Щукинская,55.808827,37.463772
121059,55.74629399999999,37.571929,123,Хамовники,55.729199,37.574525,65,Киевская,55.743588,37.565587
127273,55.852405000000005,37.613728,84,Отрадное,55.86206,37.600262,129,Отрадное,55.863207,37.604762
109240,55.747064,37.642833,32,Замоскворечье,55.734157,37.63429,186,Таганская,55.739544,37.652957
119072,55.744443999999994,37.613071999999995,139,Якиманка,55.730826,37.607565,24,Боровицкая,55.750565,37.609083
115612,55.6363,37.755759999999995,13,Братеево,55.633434,37.765058,5,Алма-Атинская,55.63282,37.765911
127474,55.861802000000004,37.562955,8,Бескудниковский,55.866622,37.554708,36,Верхние Лихоборы,55.856038,37.56114
127247,55.876318999999995,37.545608,8,Бескудниковский,55.866622,37.554708,169,Селигерская,55.866556,37.547117
127566,55.871703000000004,37.596246,84,Отрадное,55.86206,37.600262,129,Отрадное,55.863207,37.604762
127549,55.890552,37.594746,9,Бибирево,55.894768,37.6077,21,Бибирево,55.883868,37.603011
125599,55.876874,37.497243,124,Ховрино,55.869041,37.489491,214,Ховрино,55.878273,37.480768
117525,55.617830000000005,37.592490999999995,130,Чертаново Центральное,55.61388,37.604098,148,Пражская,55.612599,37.604565
105318,55.78287099999999,37.72961,107,Соколиная Гора,55.772775,37.730625,170,Семёновская,55.783195,37.719423
123104,55.762414,37.599885,114,Тверской,55.770127,37.606918,155,Пушкинская,55.765747,37.6039
109029,55.733148,37.683966999999996,113,Таганский,55.74001,37.666971,40,Волгоградский проспект,55.724976,37.687084
119021,55.733006,37.593255,139,Якиманка,55.730826,37.607565,134,Парк культуры,55.735302,37.592869
121351,55.734304,37.416691,67,Можайский,55.717634,37.422755,108,Молодёжная,55.740867,37.416619
115487,55.67408199999999,37.661608,72,Нагатино-Садовники,55.671422,37.64171,68,Коломенская,55.678407,37.663827
105187,55.781555000000004,37.741818,107,Соколиная Гора,55.772775,37.730625,59,Измайлово,55.788409,37.743031
119017,55.738296999999996,37.624112,32,Замоскворечье,55.734157,37.63429,192,Третьяковская,55.741348,37.626412
115563,55.626222999999996,37.721211,81,Орехово-Борисово Северное,55.618278,37.704817,52,Домодедовская,55.610814,37.718552
121069,55.756341000000006,37.588251,3,Арбат,55.751138,37.590003,14,Баррикадная,55.760818,37.58128
111020,55.766861,37.716809000000005,107,Соколиная Гора,55.772775,37.730625,0,Авиамоторная,55.751432,37.716612
119619,55.653980000000004,37.385762,109,Солнцево,55.645918,37.40168,177,Солнцево,55.649383,37.3909
121248,55.750712,37.564904,91,Пресненский,55.763432,37.562389,65,Киевская,55.743588,37.565587
127055,55.78651,37.59348,114,Тверской,55.770127,37.606918,104,Менделеевская,55.781818,37.59869
129323,55.851490000000005,37.640731,99,Свиблово,55.851839,37.647711,26,Ботанический сад,55.845228,37.637919
129085,55.809231000000004,37.636392,1,Алексеевский,55.812949,37.650163,4,Алексеевская,55.8078,37.638737
125373,55.850868000000006,37.415389000000005,103,Северное Тушино,55.861479,37.428118,142,Планерная,55.860923,37.4364
117148,55.502329,37.583104,133,Щербинка,55.507525,37.567653,206,Улица Скобелевская,55.548044,37.554636
125080,55.808776,37.493228,106,Сокол,55.805938,37.504376,181,Стрешнево,55.813698,37.486966
123007,55.775626,37.497099,125,Хорошево-Мневники,55.777707,37.492078,215,Хорошёво,55.776917,37.507493
117403,55.579297,37.646534,11,Бирюлево Западное,55.58786,37.639644,218,Царицыно,55.621653,37.669028
105118,55.761371,37.734632,107,Соколиная Гора,55.772775,37.730625,175,Соколиная гора,55.769914,37.745385
119121,55.743553000000006,37.580894,3,Арбат,55.751138,37.590003,173,Смоленская,55.748756,37.582161
141411,55.888548,37.476428999999996,124,Ховрино,55.869041,37.489491,214,Ховрино,55.878273,37.480768
127015,55.79910699999999,37.583077,98,Савеловский,55.799694,37.570914,165,Савёловская,55.792807,37.586122
125445,55.866156999999994,37.467940000000006,52,Левобережный,55.865419,37.465937,18,Беломорская,55.865369,37.475692
115054,55.728032999999996,37.638413,32,Замоскворечье,55.734157,37.63429,131,Павелецкая,55.73182,37.637003
107031,55.763245,37.624821999999995,64,Мещанский,55.780066,37.628801,83,Кузнецкий мост,55.761507,37.624516
115201,55.659241,37.624534000000004,74,Нагорный,55.664659,37.61547,34,Варшавская,55.653294,37.619522
121096,55.741262,37.494854,120,Филевский Парк,55.749805,37.494584,12,Багратионовская,55.743801,37.497863
125476,55.837731999999995,37.401796999999995,137,Южное Тушино,55.843434,37.431423,42,Волоколамская,55.835508,37.382034
123056,55.772512,37.585547,114,Тверской,55.770127,37.606918,19,Белорусская,55.777388,37.582206
109125,55.712087,37.744109,115,Текстильщики,55.708917,37.734371,187,Текстильщики,55.708831,37.732593
119002,55.748056999999996,37.587533,3,Арбат,55.751138,37.590003,173,Смоленская,55.748756,37.582161
129223,55.755814,37.617635,114,Тверской,55.770127,37.606918,130,Охотный ряд,55.756964,37.615524
127591,55.877354000000004,37.558957,20,Восточное Дегунино,55.884277,37.558841,169,Селигерская,55.866556,37.547117
107143,55.827383,37.762767,63,Метрогородок,55.823616,37.755832,92,Локомотив,55.80313,37.746058
129329,55.859867,37.644521999999995,99,Свиблово,55.851839,37.647711,167,Свиблово,55.855224,37.652238
127238,55.845293999999996,37.567797,117,Тимирязевский,55.825527,37.557071,124,Окружная,55.844748,37.575531
129344,55.85919499999999,37.672936,5,Бабушкинский,55.867081,37.665812,11,Бабушкинская,55.869556,37.664464
125635,56.299581,38.237545000000004,22,Восточный,55.818983,37.866235,230,Щёлковская,55.809712,37.798583
127006,55.772369999999995,37.606334000000004,114,Тверской,55.770127,37.606918,222,Чеховская,55.765843,37.608167
111622,55.718157,37.864061,43,Косино-Ухтомский,55.717061,37.86345,204,Улица Дмитриевского,55.710311,37.879045
109456,55.719009,37.785989,96,Рязанский,55.724718,37.7676,164,Рязанский проспект,55.717366,37.793606
105425,55.80315,37.785790999999996,101,Северное Измайлово,55.806843,37.805221,230,Щёлковская,55.809712,37.798583
125480,55.858771,37.429672,103,Северное Тушино,55.861479,37.428118,142,Планерная,55.860923,37.4364
129226,55.833434999999994,37.65275,94,Ростокино,55.83527,37.652948,207,Улица Эйзенштейна,55.829305,37.644998
117574,55.604193,37.521291,141,Ясенево,55.607514,37.534577,234,Ясенево,55.606182,37.5334
127081,55.870551,37.630984000000005,136,Южное Медведково,55.871248,37.637389,167,Свиблово,55.855224,37.652238
119192,55.698041,37.496829999999996,93,Раменки,55.707152,37.51379,157,Раменки,55.697691,37.498725
125362,55.831331999999996,37.451402,89,Покровское-Стрешнево,55.823823,37.445779,197,Тушинская,55.826417,37.437307
117452,55.64836700000001,37.604735,34,Зюзино,55.654066,37.589608,168,Севастопольская,55.652202,37.598375
121099,55.749435,37.582179,3,Арбат,55.751138,37.590003,173,Смоленская,55.748756,37.582161
125171,55.8209,37.490694,18,Войковский,55.827247,37.497342,13,Балтийская,55.825148,37.494728
109462,55.701729,37.762498,49,Кузьминки,55.69864,37.773547,84,Кузьминки,55.705463,37.766145
127473,55.776531999999996,37.614473,114,Тверской,55.770127,37.606918,53,Достоевская,55.781499,37.614698
125424,55.825258999999996,37.435134000000005,89,Покровское-Стрешнево,55.823823,37.445779,197,Тушинская,55.826417,37.437307
123060,55.795929,37.486706,134,Щукино,55.80059,37.473519,126,Октябрьское поле,55.793581,37.493317
125222,55.84363100000001,37.356916999999996,65,Митино,55.84537,37.365828,106,Митино,55.845734,37.362154
119620,55.650363,37.401393,109,Солнцево,55.645918,37.40168,177,Солнцево,55.649383,37.3909
125466,55.885220999999994,37.393640000000005,51,Куркино,55.891209,37.387379,156,Пятницкое шоссе,55.855967,37.354132
121433,55.735403000000005,37.461104,121,Фили-Давыдково,55.727136,37.469359,141,Пионерская,55.735986,37.467078
115068,55.712563,37.662093,138,Южнопортовый,55.713086,37.670474,1,Автозаводская,55.707182,37.657646
119602,55.704508999999995,37.512838,93,Раменки,55.707152,37.51379,93,Ломоносовский проспект,55.70706,37.516063
127422,55.814705000000004,37.563808,117,Тимирязевский,55.825527,37.557071,190,Тимирязевская,55.818695,37.575271
115533,55.90231800000001,37.561751,54,Лианозово,55.898487,37.570007,6,Алтуфьево,55.8982,37.587362
109386,55.679164,37.75938,57,Люблино,55.677717,37.748726,97,Люблино,55.675682,37.76177
127018,55.793009,37.601403000000005,60,Марьина Роща,55.796931,37.614374,104,Менделеевская,55.781818,37.59869
109428,55.723643,37.780051,96,Рязанский,55.724718,37.7676,164,Рязанский проспект,55.717366,37.793606
127287,55.802351,37.566377,98,Савеловский,55.799694,37.570914,138,Петровский парк,55.791845,37.557188
107140,55.778881999999996,37.66141,46,Красносельский,55.778041,37.654574,77,Красносельская,55.779818,37.666225
115191,55.709028,37.620761,30,Донской,55.697798,37.61839,195,Тульская,55.708841,37.622612
105275,55.766223,37.742329999999995,107,Соколиная Гора,55.772775,37.730625,175,Соколиная гора,55.769914,37.745385
121471,55.718775,37.422709999999995,67,Можайский,55.717634,37.422755,108,Молодёжная,55.740867,37.416619
115172,55.738347999999995,37.652202,113,Таганский,55.74001,37.666971,186,Таганская,55.739544,37.652957
123154,55.786004000000005,37.473348,134,Щукино,55.80059,37.473519,126,Октябрьское поле,55.793581,37.493317
121108,55.735966000000005,37.483184,121,Фили-Давыдково,55.727136,37.469359,211,Филёвский парк,55.739519,37.483328
107150,55.819363,37.725415000000005,12,Богородское,55.819241,37.703415,30,Бульвар Рокоссовского,55.814264,37.735117
109380,55.673351000000004,37.810396000000004,23,Выхино-Жулебино,55.696357,37.824553,46,Выхино,55.715601,37.81804
111250,55.758139,37.697728999999995,53,Лефортово,55.753635,37.704817,0,Авиамоторная,55.751432,37.716612
105094,55.774781000000004,37.704987,53,Лефортово,55.753635,37.704817,231,Электрозаводская,55.782066,37.705284
127254,55.811882,37.590559999999996,14,Бутырский,55.814123,37.589204,205,Улица Милашенкова,55.821876,37.591207
127106,55.845789,37.579789,59,Марфино,55.830002,37.588745,124,Окружная,55.844748,37.575531
109518,55.7191,37.732889,115,Текстильщики,55.708917,37.734371,187,Текстильщики,55.708831,37.732593
109651,55.64761,37.720223,61,Марьино,55.652664,37.744774,100,Марьино,55.650028,37.743471
121354,55.71836999999999,37.411373,67,Можайский,55.717634,37.422755,108,Молодёжная,55.740867,37.416619
123557,55.770076,37.57298,91,Пресненский,55.763432,37.562389,76,Краснопресненская,55.760211,37.577211
115597,55.605449,37.742851,82,Орехово-Борисово Южное,55.604264,37.733132,58,Зябликово,55.612329,37.745205
121352,55.726963,37.471632,121,Фили-Давыдково,55.727136,37.469359,172,Славянский бульвар,55.729574,37.470572
115114,55.718557,37.647908,27,Даниловский,55.706457,37.64277,1,Автозаводская,55.707182,37.657646
115093,55.723282999999995,37.626582,32,Замоскворечье,55.734157,37.63429,171,Серпуховская,55.726872,37.624992
127486,55.872466,37.540102000000005,8,Бескудниковский,55.866622,37.554708,169,Селигерская,55.866556,37.547117
127540,55.86544,37.568569000000004,8,Бескудниковский,55.866622,37.554708,36,Верхние Лихоборы,55.856038,37.56114
123022,55.763523,37.556559,91,Пресненский,55.763432,37.562389,200,Улица 1905 года,55.764754,37.561392
115477,55.633612,37.657377000000004,127,Царицыно,55.627387,37.652768,62,Кантемировская,55.636107,37.656218
109548,55.693622,37.719639,88,Печатники,55.685158,37.723807,140,Печатники,55.692972,37.728398
119311,55.688741,37.528882,55,Ломоносовский,55.678778,37.533239,208,Университет,55.692612,37.533517
129336,55.88274200000001,37.696462,56,Лосиноостровский,55.881268,37.69419,11,Бабушкинская,55.869556,37.664464
111675,55.72275,37.895511,43,Косино-Ухтомский,55.717061,37.86345,96,Лухмановская,55.708516,37.900569
117545,55.60566800000001,37.619818,130,Чертаново Центральное,55.61388,37.604098,148,Пражская,55.612599,37.604565
119590,55.721807,37.51361,93,Раменки,55.707152,37.51379,93,Ломоносовский проспект,55.70706,37.516063
127411,55.89048199999999,37.539239,29,Дмитровский,55.891027,37.52863,169,Селигерская,55.866556,37.547117
141700,55.940462,37.508643,29,Дмитровский,55.891027,37.52863,214,Ховрино,55.878273,37.480768
115404,55.592424,37.658706,11,Бирюлево Западное,55.58786,37.639644,218,Царицыно,55.621653,37.669028
129594,55.799673999999996,37.620186,60,Марьина Роща,55.796931,37.614374,99,Марьина Роща,55.795069,37.616485
117535,55.594545,37.611247999999996,131,Чертаново Южное,55.591889,37.600361,202,Улица Академика Янгеля,55.595293,37.600864
125364,55.850328000000005,37.451168,137,Южное Тушино,55.843434,37.431423,185,Сходненская,55.850515,37.439526
121151,55.746228,37.546093,31,Дорогомилово,55.739468,37.547656,44,Выставочная,55.750074,37.541386
119330,55.714151,37.521066,93,Раменки,55.707152,37.51379,93,Ломоносовский проспект,55.70706,37.516063
127427,55.82224,37.597684,14,Бутырский,55.814123,37.589204,205,Улица Милашенкова,55.821876,37.591207
115088,55.716392000000006,37.676214,138,Южнопортовый,55.713086,37.670474,54,Дубровка,55.71807,37.676241
129337,55.861989,37.691773,140,Ярославский,55.862858,37.69746,11,Бабушкинская,55.869556,37.664464
121165,55.740416,37.543065999999996,31,Дорогомилово,55.739468,37.547656,183,Студенческая,55.738784,37.548375
125475,55.874981000000005,37.493219,124,Ховрино,55.869041,37.489491,214,Ховрино,55.878273,37.480768
115522,55.646457,37.655787,69,Москворечье-Сабурово,55.642692,37.671139,62,Кантемировская,55.636107,37.656218
109387,55.683011,37.738369,57,Люблино,55.677717,37.748726,140,Печатники,55.692972,37.728398
129347,55.87746,37.716297,56,Лосиноостровский,55.881268,37.69419,17,Белокаменная,55.829375,37.70231
115583,55.603547,37.730553,82,Орехово-Борисово Южное,55.604264,37.733132,52,Домодедовская,55.610814,37.718552
115304,55.632952,37.67864,69,Москворечье-Сабурово,55.642692,37.671139,218,Царицыно,55.621653,37.669028
123290,55.755210999999996,37.519403999999994,120,Филевский Парк,55.749805,37.494584,226,Шелепиха,55.757116,37.524067
127051,55.772172999999995,37.620663,64,Мещанский,55.780066,37.628801,219,Цветной бульвар,55.771758,37.620734
107061,55.79518,37.715866,90,Преображенское,55.797296,37.722487,149,Преображенская площадь,55.796167,37.715022
115470,55.680747,37.672090999999995,73,Нагатинский Затон,55.682849,37.681568,68,Коломенская,55.678407,37.663827
109153,55.699152000000005,37.85435,43,Косино-Ухтомский,55.717061,37.86345,89,Лермонтовский проспект,55.701699,37.852374
117152,55.690567,37.607107,30,Донской,55.697798,37.61839,82,Крымская,55.689999,37.605122
127282,55.888427,37.649418,102,Северное Медведково,55.888331,37.655634,102,Медведково,55.887473,37.661527
109472,55.694818999999995,37.803074,23,Выхино-Жулебино,55.696357,37.824553,164,Рязанский проспект,55.717366,37.793606
121609,55.758731999999995,37.40672,47,Крылатское,55.763194,37.423716,81,Крылатское,55.756842,37.408139
109443,55.704453,37.769234999999995,49,Кузьминки,55.69864,37.773547,84,Кузьминки,55.705463,37.766145
117628,55.57289399999999,37.566126000000004,100,Северное Бутово,55.568914,37.570519,29,Бульвар Дмитрия Донского,55.569667,37.577346
129164,55.814937,37.641754999999996,1,Алексеевский,55.812949,37.650163,33,ВДНХ,55.821097,37.641036
117418,55.668975,37.564572,128,Черемушки,55.664649,37.561347,154,Профсоюзная,55.67793,37.562874
117292,55.68263,37.563539,0,Академический,55.688005,37.572684,154,Профсоюзная,55.67793,37.562874
127434,55.820966000000006,37.572719,117,Тимирязевский,55.825527,37.557071,190,Тимирязевская,55.818695,37.575271
129345,55.883954,37.68703,56,Лосиноостровский,55.881268,37.69419,102,Медведково,55.887473,37.661527
105037,55.79438100000001,37.774786999999996,37,Измайлово,55.783681,37.772783,60,Измайловская,55.787761,37.781497
127576,55.894863,37.573015999999996,54,Лианозово,55.898487,37.570007,6,Алтуфьево,55.8982,37.587362
117463,55.599036,37.538269,141,Ясенево,55.607514,37.534577,234,Ясенево,55.606182,37.5334
127299,55.816404000000006,37.522513000000004,42,Коптево,55.832515,37.529043,174,Сокол,55.805042,37.514787
123298,55.790327000000005,37.501348,125,Хорошево-Мневники,55.777707,37.492078,57,Зорге,55.789153,37.504214
123181,55.81134599999999,37.405246999999996,112,Строгино,55.803783,37.402695,182,Строгино,55.803691,37.403118
121467,55.73701,37.435178,67,Можайский,55.717634,37.422755,85,Кунцевская,55.730603,37.445437
119071,55.71729499999999,37.595088,139,Якиманка,55.730826,37.607565,225,Шаболовская,55.718816,37.607924
107065,55.82477900000001,37.820628,101,Северное Измайлово,55.806843,37.805221,230,Щёлковская,55.809712,37.798583
109429,55.634221999999994,37.801718,38,Капотня,55.63784,37.799724,5,Алма-Атинская,55.63282,37.765911
109649,55.63053299999999,37.798682,38,Капотня,55.63784,37.799724,5,Алма-Атинская,55.63282,37.765911
111398,55.739143999999996,37.768175,87,Перово,55.751994,37.767456,137,Перово,55.75132,37.786887
127562,55.85578,37.585879999999996,84,Отрадное,55.86206,37.600262,37,Владыкино,55.847978,37.59038
117449,55.691851,37.588314000000004,0,Академический,55.688005,37.572684,143,Площадь Гагарина,55.706771,37.58658
129301,55.823388,37.658589,94,Ростокино,55.83527,37.652948,207,Улица Эйзенштейна,55.829305,37.644998
117405,55.583560999999996,37.600109,131,Чертаново Южное,55.591889,37.600361,8,Аннино,55.5832,37.59674
125414,55.865106000000004,37.494665000000005,124,Ховрино,55.869041,37.489491,18,Беломорская,55.865369,37.475692
115193,55.706639,37.665695,138,Южнопортовый,55.713086,37.670474,1,Автозаводская,55.707182,37.657646
127083,55.795702,37.560134000000005,98,Савеловский,55.799694,37.570914,138,Петровский парк,55.791845,37.557188
119361,55.682113,37.456918,85,Очаково-Матвеевское,55.689649,37.448554,123,Озёрная,55.670574,37.449003
115142,55.6776,37.696785999999996,73,Нагатинский Затон,55.682849,37.681568,67,Кожуховская,55.706259,37.68544
129515,55.820919999999994,37.623870000000004,83,Останкинский,55.81908,37.621705,201,Улица Академика Королёва,55.821821,37.627166
127560,55.886665,37.60805,9,Бибирево,55.894768,37.6077,21,Бибирево,55.883868,37.603011
115162,55.718759999999996,37.613943,139,Якиманка,55.730826,37.607565,225,Шаболовская,55.718816,37.607924
125239,55.837363,37.538889000000005,42,Коптево,55.832515,37.529043,91,Лихоборы,55.847669,37.553037
111141,55.747485,37.775856,87,Перово,55.751994,37.767456,137,Перово,55.75132,37.786887
115409,55.645913,37.669666,69,Москворечье-Сабурово,55.642692,37.671139,62,Кантемировская,55.636107,37.656218
123317,55.754684,37.535619,31,Дорогомилово,55.739468,37.547656,103,Международная,55.748311,37.534263
109559,55.677381999999994,37.763324,57,Люблино,55.677717,37.748726,97,Люблино,55.675682,37.76177
107589,55.823454000000005,37.826655,101,Северное Измайлово,55.806843,37.805221,230,Щёлковская,55.809712,37.798583
107174,55.768866,37.651807,46,Красносельский,55.778041,37.654574,78,Красные Ворота,55.768659,37.64922
117638,55.668264,37.610646,74,Нагорный,55.664659,37.61547,111,Нагорная,55.672854,37.610745
105568,55.777083999999995,37.825326000000004,36,Ивановское,55.771479,37.824005,115,Новогиреево,55.75166,37.817169
111116,55.757815,37.713899,53,Лефортово,55.753635,37.704817,0,Авиамоторная,55.751432,37.716612
117588,55.60524100000001,37.530822,141,Ясенево,55.607514,37.534577,234,Ясенево,55.606182,37.5334
129327,55.88274200000001,37.696462,56,Лосиноостровский,55.881268,37.69419,11,Бабушкинская,55.869556,37.664464
125183,55.845976,37.55036,8,Бескудниковский,55.866622,37.554708,91,Лихоборы,55.847669,37.553037
115432,55.703155,37.672792,138,Южнопортовый,55.713086,37.670474,189,Технопарк,55.693931,37.66442
109652,55.651079,37.748987,61,Марьино,55.652664,37.744774,100,Марьино,55.650028,37.743471
119270,55.716108,37.5766,123,Хамовники,55.729199,37.574525,213,Фрунзенская,55.727313,37.580463
125057,55.802811,37.517716,106,Сокол,55.805938,37.504376,174,Сокол,55.805042,37.514787
119634,55.639629000000006,37.361238,77,Ново-Переделкино,55.646081,37.357169,118,Новопеределкино,55.639613,37.355228
107113,55.790797999999995,37.664761,108,Сокольники,55.799947,37.677158,77,Красносельская,55.779818,37.666225
125581,55.857523,37.496345,124,Ховрино,55.869041,37.489491,38,Водный стадион,55.839881,37.486769
129346,55.87544499999999,37.691297,56,Лосиноостровский,55.881268,37.69419,11,Бабушкинская,55.869556,37.664464
117485,55.651582,37.527615000000004,41,Коньково,55.643414,37.530588,20,Беляево,55.642748,37.525827
109156,55.689725,37.854746,43,Косино-Ухтомский,55.717061,37.86345,55,Жулебино,55.685132,37.855797
121359,55.742828,37.397915999999995,50,Кунцево,55.74261,37.398482,81,Крылатское,55.756842,37.408139
115478,55.656509,37.643076,72,Нагатино-Садовники,55.671422,37.64171,64,Каширская,55.654681,37.648205
117546,55.588176000000004,37.643399,11,Бирюлево Западное,55.58786,37.639644,218,Царицыно,55.621653,37.669028
109457,55.711493000000004,37.773152,49,Кузьминки,55.69864,37.773547,84,Кузьминки,55.705463,37.766145
127322,55.828196999999996,37.578532,59,Марфино,55.830002,37.588745,139,Петровско-Разумовская,55.834446,37.574211
125430,55.84835699999999,37.357717,65,Митино,55.84537,37.365828,106,Митино,55.845734,37.362154
115547,55.573989000000005,37.668929,10,Бирюлево Восточное,55.594585,37.678649,128,Орехово,55.612884,37.695331
111531,55.772887,37.830257,36,Ивановское,55.771479,37.824005,115,Новогиреево,55.75166,37.817169
109507,55.694407999999996,37.816404999999996,23,Выхино-Жулебино,55.696357,37.824553,46,Выхино,55.715601,37.81804
105523,55.810875,37.818508,101,Северное Измайлово,55.806843,37.805221,230,Щёлковская,55.809712,37.798583
105203,55.78993199999999,37.815292,21,Восточное Измайлово,55.795818,37.821804,136,Первомайская,55.794614,37.799418
105484,55.803621,37.821562,21,Восточное Измайлово,55.795818,37.821804,230,Щёлковская,55.809712,37.798583
111555,55.765301,37.833276,36,Ивановское,55.771479,37.824005,115,Новогиреево,55.75166,37.817169
115446,55.664736,37.648313,72,Нагатино-Садовники,55.671422,37.64171,64,Каширская,55.654681,37.648205
115582,55.605999,37.706676,81,Орехово-Борисово Северное,55.618278,37.704817,52,Домодедовская,55.610814,37.718552
119606,55.665162,37.47677,119,Тропарево-Никулино,55.660318,37.468488,232,Юго-Западная,55.663629,37.483095
109145,55.699472,37.842358000000004,23,Выхино-Жулебино,55.696357,37.824553,73,Косино,55.703423,37.851305
115580,55.618928000000004,37.753362,35,Зябликово,55.620423,37.746076,227,Шипиловская,55.620733,37.74375
111539,55.738105000000004,37.831955,15,Вешняки,55.730771,37.815184,115,Новогиреево,55.75166,37.817169
123592,55.810678,37.392508,112,Строгино,55.803783,37.402695,182,Строгино,55.803691,37.403118
125464,55.840846,37.386912,65,Митино,55.84537,37.365828,42,Волоколамская,55.835508,37.382034
127644,55.892193000000006,37.52916,29,Дмитровский,55.891027,37.52863,169,Селигерская,55.866556,37.547117
107497,55.811336,37.812515999999995,101,Северное Измайлово,55.806843,37.805221,230,Щёлковская,55.809712,37.798583
125310,55.856472,37.348554,65,Митино,55.84537,37.365828,156,Пятницкое шоссе,55.855967,37.354132
111621,55.713238,37.861115000000005,43,Косино-Ухтомский,55.717061,37.86345,73,Косино,55.703423,37.851305
127490,55.867383999999994,37.620177000000005,136,Южное Медведково,55.871248,37.637389,129,Отрадное,55.863207,37.604762
121601,55.76289499999999,37.48534,120,Филевский Парк,55.749805,37.494584,12,Багратионовская,55.743801,37.497863
117186,56.299581,38.237545000000004,22,Восточный,55.818983,37.866235,230,Щёлковская,55.809712,37.798583
117105,55.755814,37.617635,114,Тверской,55.770127,37.606918,130,Охотный ряд,55.756964,37.615524
115211,55.639425,37.695205,81,Орехово-Борисово Северное,55.618278,37.704817,128,Орехово,55.612884,37.695331
117246,55.653903,37.559540999999996,128,Черемушки,55.664649,37.561347,122,Новые Черёмушки,55.670077,37.554493
111673,55.741338,37.848242,79,Новокосино,55.740167,37.861725,116,Новокосино,55.745113,37.864052
123103,55.784434999999995,37.45707,134,Щукино,55.80059,37.473519,229,Щукинская,55.808827,37.463772
109377,55.715134,37.78942,49,Кузьминки,55.69864,37.773547,164,Рязанский проспект,55.717366,37.793606
125008,55.837464000000004,37.539239,42,Коптево,55.832515,37.529043,91,Лихоборы,55.847669,37.553037
119633,56.299735999999996,38.23767,22,Восточный,55.818983,37.866235,230,Щёлковская,55.809712,37.798583
125130,55.825952,37.513413,18,Войковский,55.827247,37.497342,72,Коптево,55.840452,37.521417
143082,55.724165,37.280884,17,Внуковское,55.6335,37.290298,158,Рассказовка,55.633968,37.334747
111394,55.747687,37.800631,78,Новогиреево,55.748154,37.804108,137,Перово,55.75132,37.786887
109052,55.730639000000004,37.721193,76,Нижегородский,55.728423,37.723807,120,Новохохловская,55.724084,37.716737
117209,55.663552,37.582852,34,Зюзино,55.654066,37.589608,63,Каховская,55.652898,37.597127
124681,55.752891000000005,37.504807,120,Филевский Парк,55.749805,37.494584,12,Багратионовская,55.743801,37.497863
129281,55.872461,37.678343,5,Бабушкинский,55.867081,37.665812,11,Бабушкинская,55.869556,37.664464
115573,55.619676,37.737417,35,Зябликово,55.620423,37.746076,227,Шипиловская,55.620733,37.74375
119530,55.693348,37.454159999999995,85,Очаково-Матвеевское,55.689649,37.448554,123,Озёрная,55.670574,37.449003
119261,55.686060999999995,37.541243,55,Ломоносовский,55.678778,37.533239,208,Университет,55.692612,37.533517
107553,55.795965,37.741648,90,Преображенское,55.797296,37.722487,59,Измайлово,55.788409,37.743031
125627,55.846825,37.362972,65,Митино,55.84537,37.365828,106,Митино,55.845734,37.362154
119607,55.687243,37.481945,92,Проспект Вернадского,55.678407,37.498635,107,Мичуринский проспект,55.689456,37.482969
119297,55.635172,37.384882,109,Солнцево,55.645918,37.40168,177,Солнцево,55.649383,37.3909
117198,55.653462,37.501645,80,Обручевский,55.660917,37.518479,232,Юго-Западная,55.663629,37.483095
117321,55.622827,37.506253,116,Теплый Стан,55.631427,37.489877,198,Тёплый Стан,55.618644,37.506541
111558,55.752511,37.831246,36,Ивановское,55.771479,37.824005,115,Новогиреево,55.75166,37.817169
127224,55.888043,37.667806,102,Северное Медведково,55.888331,37.655634,102,Медведково,55.887473,37.661527
125413,55.859625,37.517644,33,Западное Дегунино,55.872157,37.518937,72,Коптево,55.840452,37.521417
119136,55.732310999999996,37.532987,31,Дорогомилово,55.739468,37.547656,87,Кутузовская,55.74033,37.534191
109444,55.703936,37.817789000000005,23,Выхино-Жулебино,55.696357,37.824553,46,Выхино,55.715601,37.81804
127642,55.872062,37.645285,136,Южное Медведково,55.871248,37.637389,167,Свиблово,55.855224,37.652238
109129,55.704193999999994,37.741899,115,Текстильщики,55.708917,37.734371,187,Текстильщики,55.708831,37.732593
111399,55.759035,37.806219,78,Новогиреево,55.748154,37.804108,115,Новогиреево,55.75166,37.817169
125371,55.834835999999996,37.417491,137,Южное Тушино,55.843434,37.431423,197,Тушинская,55.826417,37.437307
107370,55.810688,37.725146,90,Преображенское,55.797296,37.722487,30,Бульвар Рокоссовского,55.814264,37.735117
117312,55.695372,37.574148,0,Академический,55.688005,37.572684,2,Академическая,55.687761,37.573447
119146,55.724697,37.580238,123,Хамовники,55.729199,37.574525,213,Фрунзенская,55.727313,37.580463
115230,55.675641000000006,37.626951,72,Нагатино-Садовники,55.671422,37.64171,110,Нагатинская,55.683386,37.622863
117036,55.68263,37.563539,0,Академический,55.688005,37.572684,154,Профсоюзная,55.67793,37.562874
129366,55.826104,37.647846,94,Ростокино,55.83527,37.652948,207,Улица Эйзенштейна,55.829305,37.644998
117648,55.55689399999999,37.629071,11,Бирюлево Западное,55.58786,37.639644,8,Аннино,55.5832,37.59674
117041,55.542752,37.525836,135,Южное Бутово,55.542396,37.531523,203,Улица Горчакова,55.541932,37.531514
127349,55.89761899999999,37.596121000000004,9,Бибирево,55.894768,37.6077,6,Алтуфьево,55.8982,37.587362
119421,55.660663,37.521542,80,Обручевский,55.660917,37.518479,20,Беляево,55.642748,37.525827
117303,55.65079,37.587253999999994,34,Зюзино,55.654066,37.589608,63,Каховская,55.652898,37.597127
124489,55.755814,37.617635,114,Тверской,55.770127,37.606918,130,Охотный ряд,55.756964,37.615524
143323,55.321298,35.967789,66,Михайлово-Ярцевское,55.397577,37.139696,158,Рассказовка,55.633968,37.334747
108834,55.35508000000001,37.180865000000004,66,Михайлово-Ярцевское,55.397577,37.139696,158,Рассказовка,55.633968,37.334747
143411,55.827611,37.368937,65,Митино,55.84537,37.365828,42,Волоколамская,55.835508,37.382034
143300,55.383320999999995,36.723496999999995,66,Михайлово-Ярцевское,55.397577,37.139696,158,Рассказовка,55.633968,37.334747
143025,55.718253000000004,37.369098,104,Северный,55.702896,37.37385,108,Молодёжная,55.740867,37.416619
142145,55.365914000000004,37.433121,132,Щаповское,55.391631,37.380848,31,Бунинская аллея,55.537964,37.515919
108831,57.129079000000004,37.207968,62,Матушкино,56.005103,37.200116,214,Ховрино,55.878273,37.480768
127204,55.940487,37.552498,54,Лианозово,55.898487,37.570007,6,Алтуфьево,55.8982,37.587362
141431,55.940583,37.346389,68,Молжаниновский,55.936812,37.380237,156,Пятницкое шоссе,55.855967,37.354132
117465,55.613636,37.493003,116,Теплый Стан,55.631427,37.489877,198,Тёплый Стан,55.618644,37.506541
